utc,err_arcsec,err_arcmin,sun_moon_elong_deg,moon_dist_au
2068-03-03 06:30,3.41255,0.05688,349.75,0.002387
2068-03-03 06:48,3.41246,0.05687,349.93,0.002387
2068-03-03 06:12,3.41241,0.05687,349.58,0.002387
2068-03-03 07:06,3.41211,0.05687,350.12,0.002386
2068-03-03 05:55,3.41205,0.05687,349.41,0.002387
2068-03-03 07:25,3.41149,0.05686,350.30,0.002386
2068-03-03 05:39,3.41148,0.05686,349.24,0.002387
2068-03-03 07:45,3.41057,0.05684,350.50,0.002386
2068-03-03 08:05,3.40933,0.05682,350.70,0.002386
2068-03-03 08:26,3.40774,0.05680,350.91,0.002386
2068-03-03 08:48,3.40575,0.05676,351.12,0.002386
2068-03-03 09:10,3.40334,0.05672,351.35,0.002386
2068-03-03 09:34,3.40043,0.05667,351.58,0.002386
2068-03-03 09:58,3.39697,0.05662,351.83,0.002386
2068-03-03 10:24,3.39287,0.05655,352.08,0.002386
2068-03-03 10:51,3.38803,0.05647,352.36,0.002386
2068-03-03 11:21,3.38230,0.05637,352.65,0.002386
2068-03-03 11:52,3.37537,0.05626,352.96,0.002386
2068-03-03 12:26,3.36731,0.05612,353.30,0.002385
2068-03-03 13:04,3.35746,0.05596,353.68,0.002385
2068-03-03 13:47,3.34509,0.05575,354.11,0.002385
2068-03-03 14:39,3.32874,0.05548,354.63,0.002385
2068-02-03 01:37,3.31682,0.05528,352.83,0.002399
2068-02-03 01:30,3.31682,0.05528,352.76,0.002399
2068-02-03 01:45,3.31679,0.05528,352.91,0.002399
2068-02-03 01:22,3.31677,0.05528,352.68,0.002399
2068-02-03 01:53,3.31671,0.05528,352.98,0.002399
2068-02-03 01:14,3.31669,0.05528,352.61,0.002399
2068-02-03 02:00,3.31660,0.05528,353.06,0.002399
2068-02-03 01:07,3.31657,0.05528,352.53,0.002399
2068-02-03 02:08,3.31645,0.05527,353.13,0.002399
2068-02-03 00:59,3.31642,0.05527,352.46,0.002399
2068-02-03 02:16,3.31625,0.05527,353.21,0.002399
2068-02-03 00:52,3.31623,0.05527,352.39,0.002399
2068-02-03 02:24,3.31602,0.05527,353.29,0.002398
2068-02-03 00:45,3.31600,0.05527,352.31,0.002400
2068-02-03 00:37,3.31574,0.05526,352.24,0.002400
2068-02-03 02:32,3.31574,0.05526,353.36,0.002398
2068-02-03 00:30,3.31545,0.05526,352.17,0.002400
2068-02-03 02:39,3.31542,0.05526,353.44,0.002398
2068-02-03 00:22,3.31512,0.05525,352.10,0.002400
2068-02-03 02:47,3.31506,0.05525,353.52,0.002398
2068-02-03 00:15,3.31476,0.05525,352.02,0.002400
2068-02-03 02:55,3.31465,0.05524,353.60,0.002398
2068-02-03 00:08,3.31436,0.05524,351.95,0.002400
2068-02-03 03:03,3.31420,0.05524,353.68,0.002398
2068-02-03 00:01,3.31393,0.05523,351.88,0.002400
2068-02-03 03:11,3.31370,0.05523,353.76,0.002398
2068-02-02 23:53,3.31347,0.05522,351.81,0.002400
2068-02-03 03:20,3.31315,0.05522,353.84,0.002398
2068-02-02 23:46,3.31298,0.05522,351.74,0.002400
2068-02-03 03:28,3.31256,0.05521,353.92,0.002398
2068-02-02 23:39,3.31246,0.05521,351.67,0.002400
2068-02-03 03:36,3.31192,0.05520,354.00,0.002398
2068-02-02 23:32,3.31190,0.05520,351.60,0.002400
2068-02-02 23:25,3.31132,0.05519,351.53,0.002400
2068-02-03 03:44,3.31123,0.05519,354.08,0.002398
2068-02-02 23:18,3.31070,0.05518,351.46,0.002401
2068-02-03 03:52,3.31050,0.05517,354.16,0.002398
2068-02-02 23:11,3.31006,0.05517,351.39,0.002401
2068-02-03 04:01,3.30971,0.05516,354.24,0.002398
2068-02-02 23:08,3.30939,0.05516,351.37,0.002401
2068-02-03 04:09,3.30887,0.05515,354.32,0.002397
2068-02-03 04:17,3.30798,0.05513,354.41,0.002397
2068-02-03 04:26,3.30704,0.05512,354.49,0.002397
2068-02-03 04:34,3.30605,0.05510,354.57,0.002397
2068-02-03 04:43,3.30500,0.05508,354.66,0.002397
2068-03-03 15:48,3.30437,0.05507,355.32,0.002385
2068-02-03 04:51,3.30389,0.05506,354.74,0.002397
2068-02-03 05:00,3.30273,0.05505,354.82,0.002397
2068-02-03 05:09,3.30151,0.05503,354.91,0.002397
2068-02-03 05:17,3.30024,0.05500,355.00,0.002397
2068-02-03 05:26,3.29890,0.05498,355.08,0.002397
2068-02-03 05:35,3.29750,0.05496,355.17,0.002397
2068-02-03 05:44,3.29605,0.05493,355.26,0.002397
2068-02-03 05:53,3.29453,0.05491,355.34,0.002396
2068-02-03 06:02,3.29294,0.05488,355.43,0.002396
2068-02-03 06:11,3.29130,0.05485,355.52,0.002396
2068-02-03 06:20,3.28958,0.05483,355.61,0.002396
2068-02-03 06:29,3.28780,0.05480,355.70,0.002396
2068-02-03 06:38,3.28595,0.05477,355.79,0.002396
2068-02-03 06:48,3.28403,0.05473,355.88,0.002396
2068-02-03 06:57,3.28204,0.05470,355.98,0.002396
2068-02-03 07:06,3.27997,0.05467,356.07,0.002396
2068-02-03 07:16,3.27783,0.05463,356.16,0.002396
2068-02-03 07:25,3.27562,0.05459,356.26,0.002396
2068-02-03 07:35,3.27333,0.05456,356.35,0.002396
2068-02-03 07:44,3.27096,0.05452,356.44,0.002396
2068-02-03 07:54,3.26851,0.05448,356.54,0.002395
2068-02-03 08:04,3.26597,0.05443,356.64,0.002395
2068-02-03 08:14,3.26336,0.05439,356.73,0.002395
2068-02-03 08:24,3.26065,0.05434,356.83,0.002395
2068-02-03 08:34,3.25786,0.05430,356.93,0.002395
2068-02-03 08:44,3.25498,0.05425,357.03,0.002395
2068-02-03 08:54,3.25201,0.05420,357.13,0.002395
2068-02-03 09:04,3.24894,0.05415,357.23,0.002395
2068-02-03 09:15,3.24578,0.05410,357.33,0.002395
2068-02-03 09:25,3.24252,0.05404,357.44,0.002395
2068-02-03 09:36,3.23915,0.05399,357.54,0.002395
2068-02-03 09:46,3.23569,0.05393,357.65,0.002395
2068-02-03 09:57,3.23211,0.05387,357.75,0.002394
2068-02-03 10:08,3.22843,0.05381,357.86,0.002394
2068-02-03 10:19,3.22464,0.05374,357.97,0.002394
2068-02-03 10:30,3.22073,0.05368,358.07,0.002394
2068-02-03 10:41,3.21671,0.05361,358.18,0.002394
2068-02-03 10:52,3.21256,0.05354,358.29,0.002394
2068-02-03 11:03,3.20829,0.05347,358.41,0.002394
2068-02-03 11:15,3.20389,0.05340,358.52,0.002394
2068-02-03 11:26,3.19936,0.05332,358.63,0.002394
2068-02-03 11:38,3.19469,0.05324,358.75,0.002394
2068-02-03 11:50,3.18989,0.05316,358.86,0.002394
2068-02-03 12:02,3.18494,0.05308,358.98,0.002394
2021-12-05 04:54,3.18176,0.05303,12.56,0.002389
2021-12-05 04:43,3.18173,0.05303,12.45,0.002389
2021-12-05 05:05,3.18171,0.05303,12.67,0.002389
2021-12-05 04:32,3.18164,0.05303,12.34,0.002389
2021-12-05 05:16,3.18161,0.05303,12.78,0.002389
2021-12-05 04:21,3.18149,0.05302,12.23,0.002389
2021-12-05 05:27,3.18144,0.05302,12.88,0.002389
2021-12-05 04:09,3.18126,0.05302,12.12,0.002389
2021-12-05 05:38,3.18122,0.05302,12.99,0.002390
2021-12-05 03:58,3.18096,0.05302,12.00,0.002389
2021-12-05 05:48,3.18093,0.05302,13.09,0.002390
2021-12-05 05:59,3.18059,0.05301,13.20,0.002390
2021-12-05 03:46,3.18058,0.05301,11.89,0.002389
2021-12-05 06:09,3.18019,0.05300,13.30,0.002390
2021-12-05 03:34,3.18013,0.05300,11.77,0.002389
2068-02-03 12:14,3.17984,0.05300,359.10,0.002394
2021-12-05 06:20,3.17974,0.05300,13.40,0.002390
2021-12-05 03:22,3.17960,0.05299,11.65,0.002389
2021-12-05 06:30,3.17923,0.05299,13.50,0.002390
2021-12-05 03:10,3.17898,0.05298,11.53,0.002388
2021-12-05 06:40,3.17868,0.05298,13.60,0.002390
2021-12-05 03:09,3.17832,0.05297,11.52,0.002388
2021-12-05 06:50,3.17807,0.05297,13.70,0.002390
2021-12-05 07:00,3.17741,0.05296,13.80,0.002390
2021-12-05 07:10,3.17671,0.05295,13.90,0.002390
2021-12-05 07:20,3.17595,0.05293,14.00,0.002390
2021-12-05 07:30,3.17515,0.05292,14.09,0.002390
2068-02-03 12:26,3.17459,0.05291,359.22,0.002393
2021-12-05 07:39,3.17431,0.05291,14.19,0.002391
2021-12-05 07:49,3.17342,0.05289,14.28,0.002391
2021-12-05 07:59,3.17249,0.05287,14.38,0.002391
2021-12-05 08:08,3.17151,0.05286,14.47,0.002391
2021-12-05 08:18,3.17049,0.05284,14.56,0.002391
2021-12-05 08:27,3.16943,0.05282,14.66,0.002391
2068-02-03 12:38,3.16918,0.05282,359.34,0.002393
2021-12-05 08:36,3.16833,0.05281,14.75,0.002391
2021-12-05 08:46,3.16720,0.05279,14.84,0.002391
2021-12-05 08:55,3.16602,0.05277,14.93,0.002391
2021-12-05 09:04,3.16480,0.05275,15.02,0.002391
2068-02-03 12:51,3.16360,0.05273,359.47,0.002393
2021-12-05 09:13,3.16355,0.05273,15.11,0.002391
2021-12-05 09:22,3.16226,0.05270,15.20,0.002391
2021-12-05 09:31,3.16093,0.05268,15.29,0.002391
2021-12-05 09:40,3.15957,0.05266,15.37,0.002392
2021-12-05 09:49,3.15817,0.05264,15.46,0.002392
2068-02-03 13:03,3.15786,0.05263,359.59,0.002393
2021-12-05 09:58,3.15674,0.05261,15.55,0.002392
2021-12-05 10:06,3.15528,0.05259,15.63,0.002392
2021-12-05 10:15,3.15378,0.05256,15.72,0.002392
2021-12-05 10:24,3.15225,0.05254,15.81,0.002392
2068-02-03 13:16,3.15194,0.05253,359.72,0.002393
2021-12-05 10:32,3.15069,0.05251,15.89,0.002392
2021-12-05 10:41,3.14910,0.05248,15.97,0.002392
2021-12-05 10:50,3.14747,0.05246,16.06,0.002392
2068-02-03 13:29,3.14583,0.05243,359.85,0.002393
2021-12-05 10:58,3.14582,0.05243,16.14,0.002392
2021-12-05 11:06,3.14414,0.05240,16.22,0.002392
2021-12-05 11:15,3.14242,0.05237,16.31,0.002392
2021-12-05 11:23,3.14068,0.05234,16.39,0.002393
2068-02-03 13:42,3.13954,0.05233,359.98,0.002393
2021-12-05 11:31,3.13891,0.05232,16.47,0.002393
2021-12-05 11:40,3.13711,0.05229,16.55,0.002393
2021-12-05 11:48,3.13528,0.05225,16.63,0.002393
2021-12-05 11:56,3.13343,0.05222,16.71,0.002393
2068-02-03 13:56,3.13305,0.05222,0.11,0.002393
2021-12-05 12:04,3.13154,0.05219,16.79,0.002393
2021-12-05 12:12,3.12964,0.05216,16.87,0.002393
2021-12-05 12:20,3.12770,0.05213,16.95,0.002393
2068-02-03 14:09,3.12636,0.05211,0.24,0.002393
2021-12-05 12:28,3.12574,0.05210,17.03,0.002393
2021-12-05 12:36,3.12376,0.05206,17.11,0.002393
2021-12-05 12:44,3.12175,0.05203,17.19,0.002393
2021-12-05 12:52,3.11971,0.05200,17.26,0.002393
2068-02-03 14:23,3.11945,0.05199,0.38,0.002393
2021-12-05 13:00,3.11765,0.05196,17.34,0.002394
2021-12-05 13:08,3.11557,0.05193,17.42,0.002394
2021-12-05 13:16,3.11346,0.05189,17.49,0.002394
2068-02-03 14:37,3.11233,0.05187,0.51,0.002393
2021-12-05 13:23,3.11133,0.05186,17.57,0.002394
2021-12-05 13:31,3.10918,0.05182,17.65,0.002394
2021-12-05 13:39,3.10701,0.05178,17.72,0.002394
2068-02-03 14:51,3.10497,0.05175,0.65,0.002393
2021-12-05 13:46,3.10481,0.05175,17.80,0.002394
2021-12-05 13:54,3.10259,0.05171,17.87,0.002394
2021-12-05 14:02,3.10035,0.05167,17.95,0.002394
2021-12-05 14:09,3.09808,0.05163,18.02,0.002394
2068-02-03 15:05,3.09737,0.05162,0.80,0.002392
2021-12-05 14:17,3.09580,0.05160,18.09,0.002394
2021-12-05 14:24,3.09349,0.05156,18.17,0.002394
2021-12-05 14:32,3.09117,0.05152,18.24,0.002394
2068-02-03 15:20,3.08951,0.05149,0.94,0.002392
2021-12-05 14:39,3.08882,0.05148,18.31,0.002395
2021-12-05 14:47,3.08645,0.05144,18.39,0.002395
2021-12-05 14:54,3.08407,0.05140,18.46,0.002395
2021-12-05 15:01,3.08166,0.05136,18.53,0.002395
2068-02-03 15:34,3.08140,0.05136,1.09,0.002392
2021-12-05 15:09,3.07924,0.05132,18.60,0.002395
2021-12-05 15:16,3.07679,0.05128,18.67,0.002395
2021-12-05 15:23,3.07433,0.05124,18.74,0.002395
2068-02-03 15:50,3.07300,0.05122,1.24,0.002392
2021-12-05 15:30,3.07185,0.05120,18.82,0.002395
2021-12-05 15:37,3.06935,0.05116,18.89,0.002395
2021-12-05 15:45,3.06683,0.05111,18.96,0.002395
2068-02-03 16:05,3.06431,0.05107,1.39,0.002392
2021-12-05 15:52,3.06429,0.05107,19.03,0.002395
2021-12-05 15:59,3.06174,0.05103,19.10,0.002395
2021-12-05 16:06,3.05916,0.05099,19.17,0.002396
2021-12-05 16:13,3.05658,0.05094,19.23,0.002396
2068-02-03 16:21,3.05531,0.05092,1.54,0.002392
2021-12-05 16:20,3.05397,0.05090,19.30,0.002396
2021-12-05 16:27,3.05135,0.05086,19.37,0.002396
2021-12-05 16:34,3.04871,0.05081,19.44,0.002396
2021-12-05 16:41,3.04605,0.05077,19.51,0.002396
2068-02-03 16:37,3.04599,0.05077,1.70,0.002392
2021-12-05 16:48,3.04338,0.05072,19.58,0.002396
2021-12-05 16:55,3.04069,0.05068,19.65,0.002396
2021-12-05 17:02,3.03798,0.05063,19.71,0.002396
2068-02-03 16:53,3.03632,0.05061,1.86,0.002392
2021-12-05 17:09,3.03526,0.05059,19.78,0.002396
2021-12-05 17:16,3.03252,0.05054,19.85,0.002396
2021-12-05 17:22,3.02977,0.05050,19.91,0.002396
2021-12-05 17:29,3.02701,0.05045,19.98,0.002397
2068-02-03 17:09,3.02629,0.05044,2.03,0.002392
2021-12-05 17:36,3.02422,0.05040,20.05,0.002397
2021-12-05 17:43,3.02143,0.05036,20.11,0.002397
2021-12-05 17:49,3.01861,0.05031,20.18,0.002397
2068-02-03 17:26,3.01587,0.05026,2.19,0.002392
2021-12-05 17:56,3.01579,0.05026,20.24,0.002397
2021-12-05 18:03,3.01295,0.05022,20.31,0.002397
2021-12-05 18:10,3.01009,0.05017,20.38,0.002397
1958-09-14 15:45,3.00949,0.05016,16.21,0.002403
2021-12-05 18:16,3.00722,0.05012,20.44,0.002397
2068-02-03 17:44,3.00503,0.05008,2.37,0.002392
2021-12-05 18:23,3.00434,0.05007,20.51,0.002397
2021-12-05 18:29,3.00144,0.05002,20.57,0.002397
2021-12-05 18:36,2.99853,0.04998,20.63,0.002397
2021-12-05 18:43,2.99561,0.04993,20.70,0.002397
2068-02-03 18:02,2.99375,0.04990,2.54,0.002392
2021-12-05 18:49,2.99267,0.04988,20.76,0.002397
2021-12-05 18:56,2.98972,0.04983,20.83,0.002398
2021-12-05 19:02,2.98675,0.04978,20.89,0.002398
2021-12-05 19:09,2.98378,0.04973,20.95,0.002398
2021-12-05 19:15,2.98079,0.04968,21.02,0.002398
2021-12-05 19:21,2.97779,0.04963,21.08,0.002398
2021-12-05 19:28,2.97477,0.04958,21.14,0.002398
2021-12-05 19:34,2.97174,0.04953,21.21,0.002398
2021-12-05 19:41,2.96871,0.04948,21.27,0.002398
2021-12-05 19:47,2.96565,0.04943,21.33,0.002398
2021-12-05 19:53,2.96259,0.04938,21.39,0.002398
2021-12-04 13:04,2.95974,0.04933,3.18,0.002385
2021-12-05 20:00,2.95952,0.04933,21.45,0.002398
2021-12-05 20:06,2.95643,0.04927,21.52,0.002398
2021-12-05 20:12,2.95333,0.04922,21.58,0.002399
2021-12-05 20:19,2.95022,0.04917,21.64,0.002399
2021-12-05 20:25,2.94710,0.04912,21.70,0.002399
2021-12-05 20:31,2.94397,0.04907,21.76,0.002399
2021-12-05 20:37,2.94082,0.04901,21.82,0.002399
2021-12-05 20:44,2.93767,0.04896,21.88,0.002399
2021-12-05 20:50,2.93450,0.04891,21.94,0.002399
2021-12-05 20:56,2.93132,0.04886,22.00,0.002399
2021-12-05 21:02,2.92814,0.04880,22.06,0.002399
2021-12-05 21:08,2.92494,0.04875,22.12,0.002399
2016-11-15 06:47,2.92324,0.04872,190.12,0.002388
2016-11-15 06:57,2.92323,0.04872,190.23,0.002388
2016-11-15 06:36,2.92315,0.04872,190.01,0.002387
2016-11-15 07:08,2.92314,0.04872,190.33,0.002388
2016-11-15 07:18,2.92297,0.04872,190.43,0.002388
2016-11-15 06:25,2.92297,0.04872,189.91,0.002387
2016-11-15 07:29,2.92271,0.04871,190.54,0.002388
2016-11-15 06:14,2.92270,0.04871,189.80,0.002387
2016-11-15 07:39,2.92237,0.04871,190.64,0.002388
2016-11-15 06:03,2.92234,0.04871,189.69,0.002387
2016-11-15 07:49,2.92195,0.04870,190.74,0.002388
2016-11-15 05:52,2.92187,0.04870,189.58,0.002387
2016-11-15 07:59,2.92145,0.04869,190.84,0.002388
2016-11-15 05:41,2.92130,0.04869,189.47,0.002387
2016-11-15 08:09,2.92087,0.04868,190.94,0.002388
2016-11-15 05:30,2.92063,0.04868,189.35,0.002387
2016-11-15 08:19,2.92023,0.04867,191.04,0.002388
2016-11-15 05:18,2.91986,0.04866,189.24,0.002387
2016-11-15 08:23,2.91952,0.04866,191.08,0.002388
2016-11-15 05:07,2.91897,0.04865,189.13,0.002387
2016-11-15 04:55,2.91797,0.04863,189.01,0.002387
2016-11-15 04:43,2.91685,0.04861,188.89,0.002387
2016-11-15 04:31,2.91562,0.04859,188.77,0.002387
2016-11-15 04:19,2.91426,0.04857,188.65,0.002386
2016-11-15 04:07,2.91278,0.04855,188.53,0.002386
2016-11-15 03:55,2.91116,0.04852,188.41,0.002386
